trend; pattern; quantile; daysRet; mean; SE; t; paval
15;hammer;30;5;-0,0044703;0,00154332;-4,71552;1,40277e-006;***
15;hammer;30;10;-0,00448689;0,00225825;-4,42314;5,47793e-006;***
15;hammer;30;15;-0,00288657;0,00257843;-4,28532;1,01384e-005;***
15;hammer;30;20;-0,00138986;0,00298094;-4,09933;2,26502e-005;***
15;hammer;30;40;0,00898915;0,00409438;-3,06914;0,00110656;***
15;hammer;30;60;0,0164621;0,00499876;-3,18328;0,000753857;***
15;hammer;60;5;-0,00339229;0,00130947;-4,73441;1,24727e-006;***
15;hammer;60;10;-0,00260414;0,00199328;-4,06656;2,56205e-005;***
15;hammer;60;15;0,000444931;0,0022689;-3,4016;0,000347447;***
15;hammer;60;20;0,00355107;0,0026106;-2,78822;0,00269727;***
15;hammer;60;40;0,0104168;0,00359444;-3,09884;0,000996967;***
15;hammer;60;60;0,0140925;0,00441181;-4,14389;1,84323e-005;***
15;hammer;130;5;-0,00441925;0,00134386;-5,37743;4,63344e-008;***
15;hammer;130;10;-0,00346693;0,00200471;-4,47376;4,25157e-006;***
15;hammer;130;15;-0,000817151;0,00231115;-3,88551;5,41794e-005;***
15;hammer;130;20;0,00155238;0,0026655;-3,48062;0,00026016;***
15;hammer;130;40;0,0106973;0,00353453;-3,072;0,00108987;***
15;hammer;130;60;0,0153589;0,00445083;-3,82305;6,96903e-005;***
15;hammer;260;5;-0,00451665;0,0012794;-5,72451;6,56686e-009;***
15;hammer;260;10;-0,00181041;0,00247651;-2,95257;0,00160674;***
15;hammer;260;15;-0,000450492;0,00314869;-2,73553;0,0031605;***
15;hammer;260;20;0,000790684;0,00306333;-3,27725;0,000539306;***
15;hammer;260;40;0,00857311;0,00340549;-3,81216;7,24205e-005;***
15;hammer;260;60;0,0168784;0,00426917;-3,62978;0,000147878;***
15;piercing_lines;30;5;0,00305289;0,00134347;0,182816;0,427488; 
15;piercing_lines;30;10;0,00388161;0,00177712;-0,911616;0,181084; 
15;piercing_lines;30;15;0,00812745;0,00225152;-0,0157132;0,493733; 
15;piercing_lines;30;20;0,0104143;0,00284217;-0,146266;0,441869; 
15;piercing_lines;30;40;0,016521;0,00426369;-1,18076;0,118975; 
15;piercing_lines;30;60;0,0286356;0,00554081;-0,674807;0,249969; 
15;piercing_lines;60;5;0,00244638;0,001292;-0,279341;0,390014; 
15;piercing_lines;60;10;0,00269734;0,00170144;-1,6482;0,0497787;**
15;piercing_lines;60;15;0,00644071;0,00211033;-0,816046;0,207313; 
15;piercing_lines;60;20;0,00928312;0,00263997;-0,585945;0,279008; 
15;piercing_lines;60;40;0,0169335;0,00394457;-1,1717;0,120768; 
15;piercing_lines;60;60;0,0287863;0,00498927;-0,719206;0,236073; 
15;piercing_lines;130;5;0,00353304;0,00130773;0,554972;0,289504; 
15;piercing_lines;130;10;0,00288235;0,00171339;-1,52873;0,0632853;*
15;piercing_lines;130;15;0,00769162;0,00219395;-0,21478;0,414986; 
15;piercing_lines;130;20;0,0108781;0,00266395;0,0180604;0,492797; 
15;piercing_lines;130;40;0,0194563;0,00394239;-0,532438;0,297256; 
15;piercing_lines;130;60;0,0313928;0,00501557;-0,195749;0,422418; 
15;piercing_lines;260;5;0,00415735;0,00127049;1,06264;0,144064; 
15;piercing_lines;260;10;0,00462016;0,00166099;-0,530712;0,297851; 
15;piercing_lines;260;15;0,0101594;0,00210958;0,946434;0,172045; 
15;piercing_lines;260;20;0,0122134;0,00237419;0,582674;0,280103; 
15;piercing_lines;260;40;0,0193717;0,00339103;-0,643948;0,259857; 
15;piercing_lines;260;60;0,0329786;0,0044091;0,136982;0,445532; 
15;rising_three;30;5;0,00460571;0,0214951;0,0836664;0,467832; 
15;rising_three;30;10;0,00979547;0,0181588;0,236459;0,409923; 
15;rising_three;30;15;-0,00328215;0,0196204;-0,58332;0,28899; 
15;rising_three;30;20;-0,0162913;0,0223623;-1,21281;0,132269; 
15;rising_three;30;40;-0,0221735;0,0321539;-1,35999;0,108004; 
15;rising_three;30;60;-0,0172802;0,0673963;-0,736759;0,242612; 
15;rising_three;60;5;0,0148935;0,0181154;0,667178;0,258163; 
15;rising_three;60;10;0,00774352;0,015611;0,143607;0,444006; 
15;rising_three;60;15;0,00998899;0,0116572;0,156656;0,438961; 
15;rising_three;60;20;0,0275451;0,0157916;1,05848;0,154554; 
15;rising_three;60;40;0,0696745;0,0363255;1,32467;0,104049; 
15;rising_three;60;60;0,108377;0,0423146;1,79612;0,0478704;**
15;rising_three;130;5;0,00916293;0,0168528;0,377127;0,355681; 
15;rising_three;130;10;0,00149769;0,0143963;-0,278125;0,392357; 
15;rising_three;130;15;-0,00233999;0,0133233;-0,788307;0,221399; 
15;rising_three;130;20;-0,0137042;0,0273036;-0,898571;0,19154; 
15;rising_three;130;40;0,0329165;0,0468477;0,242512;0,405834; 
15;rising_three;130;60;0,0419235;0,0513533;0,185945;0,427489; 
15;rising_three;260;5;-0,00109552;0,0124414;-0,313696;0,379364; 
15;rising_three;260;10;-0,00578397;0,0128668;-0,877116;0,198172; 
15;rising_three;260;15;0,00359575;0,0163338;-0,279609;0,392088; 
15;rising_three;260;20;-0,010933;0,0287522;-0,756917;0,231299; 
15;rising_three;260;40;0,0318886;0,0450745;0,229247;0,411122; 
15;rising_three;260;60;0,0401104;0,0488728;0,158283;0,438333; 
15;morning_star;30;5;0,00166088;0,00285911;-0,400968;0,344456; 
15;morning_star;30;10;-0,00129278;0,00403316;-1,68465;0,0468807;**
15;morning_star;30;15;-0,00289991;0,00542014;-2,04104;0,0213413;**
15;morning_star;30;20;0,00101164;0,00594708;-1,65095;0,0502316;*
15;morning_star;30;40;0,000684445;0,00883644;-2,36192;0,00961565;***
15;morning_star;30;60;0,00957506;0,0110814;-2,05746;0,0205299;**
15;morning_star;60;5;0,00090064;0,00248635;-0,766845;0,221927; 
15;morning_star;60;10;-0,00010572;0,00354852;-1,5802;0,0576245;*
15;morning_star;60;15;0,000113006;0,00410653;-1,96025;0,0255052;**
15;morning_star;60;20;0,000905937;0,00473929;-2,094;0,0186034;**
15;morning_star;60;40;0,00336994;0,00712842;-2,55112;0,00564906;***
15;morning_star;60;60;0,0148764;0,0091344;-1,91563;0,0282419;**
15;morning_star;130;5;0,00401783;0,00252892;0,478678;0,316273; 
15;morning_star;130;10;0,00466718;0,00337044;-0,247587;0,402319; 
15;morning_star;130;15;0,0047639;0,00388786;-0,874244;0,191371; 
15;morning_star;130;20;0,00669635;0,00471429;-0,876832;0,190669; 
15;morning_star;130;40;0,0129235;0,00701144;-1,23111;0,109663; 
15;morning_star;130;60;0,0245467;0,00903411;-0,866479;0,193489; 
15;morning_star;260;5;0,00310253;0,00248067;0,119018;0,45267; 
15;morning_star;260;10;0,00222453;0,00329494;-0,994596;0,160361; 
15;morning_star;260;15;0,00340032;0,00390703;-1,21896;0,111901; 
15;morning_star;260;20;0,00468307;0,00462264;-1,32974;0,0922984;*
15;morning_star;260;40;0,0095442;0,00654536;-1,83507;0,0337345;**
15;morning_star;260;60;0,020979;0,00845773;-1,34737;0,0894311;*
15;dark_cloud_cover;30;5;-0,00482079;0,0012184;-6,26072;2,62748e-010;***
15;dark_cloud_cover;30;10;-0,00580765;0,00167864;-6,7372;1,22797e-011;***
15;dark_cloud_cover;30;15;-0,00830941;0,00214283;-7,68715;1,51328e-014;***
15;dark_cloud_cover;30;20;-0,0122722;0,00239006;-9,66594;1,1478e-021;***
15;dark_cloud_cover;30;40;-0,0242092;0,00344554;-13,2823;4,61811e-038;***
15;dark_cloud_cover;30;60;-0,0357558;0,0047447;-14,3593;1,0658e-043;***
15;dark_cloud_cover;60;5;-0,00449723;0,00116364;-6,27731;2,30469e-010;***
15;dark_cloud_cover;60;10;-0,00468787;0,00164637;-6,18909;3,98609e-010;***
15;dark_cloud_cover;60;15;-0,00746213;0,00206731;-7,55812;3,71823e-014;***
15;dark_cloud_cover;60;20;-0,0107124;0,00227534;-9,46776;5,99026e-021;***
15;dark_cloud_cover;60;40;-0,0220816;0,00320765;-13,604;6,17543e-040;***
15;dark_cloud_cover;60;60;-0,0315744;0,00437063;-14,6315;1,82881e-045;***
15;dark_cloud_cover;130;5;-0,00341136;0,0011286;-5,51007;2,12519e-008;***
15;dark_cloud_cover;130;10;-0,00340756;0,00162061;-5,49744;2,27974e-008;***
15;dark_cloud_cover;130;15;-0,00602074;0,00199833;-7,0977;9,96632e-013;***
15;dark_cloud_cover;130;20;-0,00870831;0,00222511;-8,78083;2,27788e-018;***
15;dark_cloud_cover;130;40;-0,0219324;0,00312345;-13,923;1,03337e-041;***
15;dark_cloud_cover;130;60;-0,032033;0,00423781;-15,1983;9,16671e-049;***
15;dark_cloud_cover;260;5;-0,0028774;0,00110766;-5,13216;1,60985e-007;***
15;dark_cloud_cover;260;10;-0,00477585;0,00152862;-6,72338;1,23723e-011;***
15;dark_cloud_cover;260;15;-0,00833103;0,00189374;-8,70969;3,77494e-018;***
15;dark_cloud_cover;260;20;-0,0102835;0,0021022;-10,0435;2,37759e-023;***
15;dark_cloud_cover;260;40;-0,0210399;0,00296456;-14,3682;2,18833e-044;***
15;dark_cloud_cover;260;60;-0,0306031;0,00389192;-16,1817;6,60381e-055;***
15;falling_three;30;5;0,0097719;0,0117377;0,593352;0,292435; 
15;falling_three;30;10;0,0296168;0,00950913;2,536;0,0321267;**
15;falling_three;30;15;0,00796893;0,0165415;-0,0117226;0,495604; 
15;falling_three;30;20;-0,0100399;0,0247814;-0,84216;0,223553; 
15;falling_three;30;40;-0,00049195;0,043017;-0,512526;0,317643; 
15;falling_three;30;60;-0,0348764;0,0568664;-1,18261;0,151228; 
15;falling_three;60;5;-0,00667505;0,0195955;-0,483903;0,326877; 
15;falling_three;60;10;0,00761472;0,0163888;0,128933;0,451817; 
15;falling_three;60;15;-0,00841278;0,0289088;-0,573376;0,298543; 
15;falling_three;60;20;-0,0207394;0,0311047;-1,01494;0,183768; 
15;falling_three;60;40;5,05e-006;0,0425405;-0,506584;0,319547; 
15;falling_three;60;60;-0,0339876;0,0560133;-1,18476;0,150848; 
15;falling_three;130;5;-0,0371751;0,0166253;-2,40491;0,0689984;*
15;falling_three;130;10;4,745e-005;0,0375826;-0,145126;0,448958; 
15;falling_three;130;15;-0,0428943;0,0415599;-1,22852;0,172098; 
15;falling_three;130;20;-0,0633816;0,0229493;-3,23372;0,0418933;**
15;falling_three;130;40;-0,0504758;0,0718262;-1,00285;0,210776; 
15;falling_three;130;60;-0,109534;0,0856486;-1,65687;0,119696; 
15;falling_three;260;5;-0,0394274;0,00985933;-4,28373;0,0116875;**
15;falling_three;260;10;-0,0210849;0,0302885;-0,877776;0,222343; 
15;falling_three;260;15;-0,0412176;0,0240531;-2,05297;0,0661928;*
15;falling_three;260;20;-0,0496978;0,0190474;-3,17774;0,0250905;**
15;falling_three;260;40;0,0144885;0,0770715;-0,0916931;0,466361; 
15;falling_three;260;60;-0,0111296;0,110131;-0,395024;0,359618; 
15;evening_star;30;5;-0,00406486;0,00359051;-1,91398;0,0286229;**
15;evening_star;30;10;-0,00957432;0,00480009;-3,14077;0,000988473;***
15;evening_star;30;15;-0,0127846;0,0056399;-3,71416;0,000136757;***
15;evening_star;30;20;-0,00919653;0,00602007;-3,32663;0,00053505;***
15;evening_star;30;40;-0,02647;0,00948671;-5,06238;5,18507e-007;***
15;evening_star;30;60;-0,038355;0,0118727;-5,95733;6,8141e-009;***
15;evening_star;60;5;-0,00279728;0,00311324;-1,80023;0,0365502;**
15;evening_star;60;10;-0,00780284;0,00405788;-3,27868;0,000600127;***
15;evening_star;60;15;-0,0114661;0,0047118;-4,16591;2,17627e-005;***
15;evening_star;60;20;-0,0103987;0,0050876;-4,17264;2,11728e-005;***
15;evening_star;60;40;-0,0248939;0,00770203;-6,03078;3,12483e-009;***
15;evening_star;60;60;-0,0274526;0,00928465;-6,44367;3,2466e-010;***
15;evening_star;130;5;-0,00178204;0,00302151;-1,51888;0,0650457;*
15;evening_star;130;10;-0,00610528;0,00403763;-2,87469;0,00220134;***
15;evening_star;130;15;-0,00953249;0,00482658;-3,66623;0,000151169;***
15;evening_star;130;20;-0,0087625;0,00525978;-3,72496;0,000121459;***
15;evening_star;130;40;-0,0235597;0,00813759;-5,54403;3,84369e-008;***
15;evening_star;130;60;-0,0313536;0,00976206;-6,52815;1,92586e-010;***
15;evening_star;260;5;0,000194776;0,00297968;-0,876775;0,19069; 
15;evening_star;260;10;-0,00550378;0,0039497;-2,7864;0,00285171;***
15;evening_star;260;15;-0,00979709;0,00483001;-3,7184;0,000121645;***
15;evening_star;260;20;-0,00771257;0,00483465;-3,83535;7,78834e-005;***
15;evening_star;260;40;-0,0176224;0,00768248;-5,09963;3,18671e-007;***
15;evening_star;260;60;-0,0239219;0,00959399;-5,86789;6,37547e-009;***
20;hammer;30;5;-0,0113617;0,00151728;-9,33844;4,09084e-020;***
20;hammer;30;10;-0,0107153;0,00227972;-7,11357;1,1927e-012;***
20;hammer;30;15;-0,00870072;0,00264804;-6,36831;1,55601e-010;***
20;hammer;30;20;-0,00784045;0,00299116;-6,24188;3,39464e-010;***
20;hammer;30;40;0,00163023;0,00404592;-4,92475;5,06609e-007;***
20;hammer;30;60;0,0115524;0,00508251;-4,09684;2,29254e-005;***
20;hammer;60;5;-0,0104216;0,00129244;-10,2356;8,72804e-024;***
20;hammer;60;10;-0,00820788;0,00199385;-6,87591;5,32852e-012;***
20;hammer;60;15;-0,00430932;0,00231741;-5,38193;4,56094e-008;***
20;hammer;60;20;-0,00225752;0,00264649;-4,94523;4,43728e-007;***
20;hammer;60;40;0,00584333;0,00358594;-4,38157;6,49358e-006;***
20;hammer;60;60;0,012455;0,00454171;-4,38592;6,36762e-006;***
20;hammer;130;5;-0,0112273;0,00132329;-10,6058;2,49878e-025;***
20;hammer;130;10;-0,00838142;0,00202323;-6,86185;5,81928e-012;***
20;hammer;130;15;-0,00517287;0,0023507;-5,67308;9,07912e-009;***
20;hammer;130;20;-0,00389882;0,00268961;-5,47619;2,7226e-008;***
20;hammer;130;40;0,00442651;0,00350238;-4,89065;5,81648e-007;***
20;hammer;130;60;0,0104316;0,00452958;-4,84438;7,31217e-007;***
20;hammer;260;5;-0,0112266;0,00126483;-11,0955;1,54071e-027;***
20;hammer;260;10;-0,00680979;0,00252807;-4,8699;6,36835e-007;***
20;hammer;260;15;-0,00487008;0,00323729;-4,02587;3,02563e-005;***
20;hammer;260;20;-0,004743;0,00311577;-4,99812;3,34771e-007;***
20;hammer;260;40;0,00311801;0,00338977;-5,43913;3,27358e-008;***
20;hammer;260;60;0,0126444;0,00434517;-4,54072;3,10051e-006;***
20;piercing_lines;30;5;-0,00202052;0,00147052;-3,28305;0,000530479;***
20;piercing_lines;30;10;-0,000665951;0,00181375;-3,40048;0,000349064;***
20;piercing_lines;30;15;0,00319479;0,00232443;-2,13731;0,0164021;**
20;piercing_lines;30;20;0,00526636;0,00299111;-1,86006;0,031579;**
20;piercing_lines;30;40;0,012381;0,00451729;-2,03096;0,0212561;**
20;piercing_lines;30;60;0,022863;0,00538924;-1,76493;0,0389341;**
20;piercing_lines;60;5;-0,00296925;0,00134436;-4,29686;9,36894e-006;***
20;piercing_lines;60;10;-0,00189373;0,00172489;-4,28747;9,76767e-006;***
20;piercing_lines;60;15;0,0013502;0,00216402;-3,14814;0,000841996;***
20;piercing_lines;60;20;0,00378734;0,00272641;-2,58312;0,00495482;***
20;piercing_lines;60;40;0,0112031;0,00413498;-2,50358;0,00621378;***
20;piercing_lines;60;60;0,022414;0,00485053;-2,0535;0,0201212;**
20;piercing_lines;130;5;-0,00179994;0,00134431;-3,4272;0,000315003;***
20;piercing_lines;130;10;-0,00140952;0,0017289;-3,99745;3,39198e-005;***
20;piercing_lines;130;15;0,00270813;0,0022348;-2,4408;0,00739762;***
20;piercing_lines;130;20;0,00545624;0,00273511;-1,96473;0,0248353;**
20;piercing_lines;130;40;0,0133816;0,00411039;-1,98858;0,0234848;**
20;piercing_lines;130;60;0,0245493;0,00487934;-1,60376;0,0545123;*
20;piercing_lines;260;5;-0,0018123;0,00127726;-3,6168;0,000154796;***
20;piercing_lines;260;10;7,66868e-005;0,00167799;-3,23302;0,000627696;***
20;piercing_lines;260;15;0,00491459;0,00214252;-1,51608;0,0648696;*
20;piercing_lines;260;20;0,00678468;0,00242058;-1,67121;0,047459;**
20;piercing_lines;260;40;0,0133603;0,00351177;-2,33362;0,00988303;***
20;piercing_lines;260;60;0,0264429;0,00425024;-1,39563;0,0815316;*
20;rising_three;30;5;0,000774293;0,0241946;-0,0840269;0,467694; 
20;rising_three;30;10;0,00312907;0,0221658;-0,107038;0,458881; 
20;rising_three;30;15;-0,00218045;0,0188642;-0,548302;0,300263; 
20;rising_three;30;20;0,013836;0,018226;0,164927;0,436832; 
20;rising_three;30;40;0,0233763;0,0286074;0,0636498;0,475514; 
20;rising_three;30;60;0,0672812;0,0535249;0,652156;0,26756; 
20;rising_three;60;5;0,00553334;0,0176124;0,15478;0,439529; 
20;rising_three;60;10;-0,00103318;0,0150417;-0,434449;0,335074; 
20;rising_three;60;15;-0,00186681;0,0128923;-0,777953;0,224347; 
20;rising_three;60;20;0,0231718;0,0166153;0,742801;0,234538; 
20;rising_three;60;40;0,0654554;0,0331538;1,32413;0,102641; 
20;rising_three;60;60;0,113461;0,0383138;2,11638;0,0257217;**
20;rising_three;130;5;0,00157815;0,016313;-0,0753469;0,470409; 
20;rising_three;130;10;-0,00551166;0,0137964;-0,798277;0,21786; 
20;rising_three;130;15;-0,0113505;0,0132329;-1,47461;0,0792985;*
20;rising_three;130;20;-0,0127101;0,025284;-0,931027;0,182437; 
20;rising_three;130;40;0,0335183;0,0421908;0,283542;0,390093; 
20;rising_three;130;60;0,0542278;0,0469486;0,465471;0,323751; 
20;rising_three;260;5;-0,00832381;0,0128445;-0,866606;0,199904; 
20;rising_three;260;10;-0,012757;0,0124502;-1,46653;0,081577;*
20;rising_three;260;15;-0,00740762;0,0159502;-0,976192;0,172225; 
20;rising_three;260;20;-0,0101759;0,0263877;-0,796046;0,219211; 
20;rising_three;260;40;0,0327076;0,0402525;0,277056;0,392759; 
20;rising_three;260;60;0,054297;0,0446501;0,490981;0,315273; 
20;morning_star;30;5;0,00166088;0,00285911;-0,400968;0,344456; 
20;morning_star;30;10;-0,00129278;0,00403316;-1,68465;0,0468807;**
20;morning_star;30;15;-0,00289991;0,00542014;-2,04104;0,0213413;**
20;morning_star;30;20;0,00101164;0,00594708;-1,65095;0,0502316;*
20;morning_star;30;40;0,000684445;0,00883644;-2,36192;0,00961565;***
20;morning_star;30;60;0,00957506;0,0110814;-2,05746;0,0205299;**
20;morning_star;60;5;0,00090064;0,00248635;-0,766845;0,221927; 
20;morning_star;60;10;-0,00010572;0,00354852;-1,5802;0,0576245;*
20;morning_star;60;15;0,000113006;0,00410653;-1,96025;0,0255052;**
20;morning_star;60;20;0,000905937;0,00473929;-2,094;0,0186034;**
20;morning_star;60;40;0,00336994;0,00712842;-2,55112;0,00564906;***
20;morning_star;60;60;0,0148764;0,0091344;-1,91563;0,0282419;**
20;morning_star;130;5;0,00401783;0,00252892;0,478678;0,316273; 
20;morning_star;130;10;0,00466718;0,00337044;-0,247587;0,402319; 
20;morning_star;130;15;0,0047639;0,00388786;-0,874244;0,191371; 
20;morning_star;130;20;0,00669635;0,00471429;-0,876832;0,190669; 
20;morning_star;130;40;0,0129235;0,00701144;-1,23111;0,109663; 
20;morning_star;130;60;0,0245467;0,00903411;-0,866479;0,193489; 
20;morning_star;260;5;0,00310253;0,00248067;0,119018;0,45267; 
20;morning_star;260;10;0,00222453;0,00329494;-0,994596;0,160361; 
20;morning_star;260;15;0,00340032;0,00390703;-1,21896;0,111901; 
20;morning_star;260;20;0,00468307;0,00462264;-1,32974;0,0922984;*
20;morning_star;260;40;0,0095442;0,00654536;-1,83507;0,0337345;**
20;morning_star;260;60;0,020979;0,00845773;-1,34737;0,0894311;*
20;dark_cloud_cover;30;5;-0,010163;0,0012753;-10,1704;1,25257e-023;***
20;dark_cloud_cover;30;10;-0,0102815;0,001741;-9,06558;2,59652e-019;***
20;dark_cloud_cover;30;15;-0,0122693;0,00220458;-9,26807;4,51123e-020;***
20;dark_cloud_cover;30;20;-0,0160947;0,00247082;-10,897;1,0941e-026;***
20;dark_cloud_cover;30;40;-0,0280002;0,00362203;-13,6817;6,73711e-040;***
20;dark_cloud_cover;30;60;-0,0481812;0,012329;-6,53385;4,79896e-011;***
20;dark_cloud_cover;60;5;-0,00976445;0,00121601;-10,3385;2,03322e-024;***
20;dark_cloud_cover;60;10;-0,00881123;0,00170932;-8,37345;7,25558e-017;***
20;dark_cloud_cover;60;15;-0,0113476;0,00212141;-9,1969;7,25279e-020;***
20;dark_cloud_cover;60;20;-0,0136989;0,00235707;-10,4065;1,05472e-024;***
20;dark_cloud_cover;60;40;-0,0250643;0,0033556;-13,8931;2,8027e-041;***
20;dark_cloud_cover;60;60;-0,0426653;0,0111389;-6,73678;1,22042e-011;***
20;dark_cloud_cover;130;5;-0,00903244;0,001189;-9,95769;7,18674e-023;***
20;dark_cloud_cover;130;10;-0,00791735;0,00170236;-7,88258;3,34436e-015;***
20;dark_cloud_cover;130;15;-0,0101894;0,00206005;-8,90861;8,41975e-019;***
20;dark_cloud_cover;130;20;-0,0121008;0,00230989;-9,92719;9,55524e-023;***
20;dark_cloud_cover;130;40;-0,0254922;0,00328514;-14,3214;1,22722e-043;***
20;dark_cloud_cover;130;60;-0,0429439;0,0108622;-6,93403;3,19828e-012;***
20;dark_cloud_cover;260;5;-0,00897527;0,00115528;-10,1989;6,13992e-024;***
20;dark_cloud_cover;260;10;-0,00928068;0,0015873;-9,31287;2,22362e-020;***
20;dark_cloud_cover;260;15;-0,012321;0,00193823;-10,5683;1,67087e-025;***
20;dark_cloud_cover;260;20;-0,0136814;0,00215383;-11,3804;4,1707e-029;***
20;dark_cloud_cover;260;40;-0,0259556;0,00310886;-15,2824;2,61684e-049;***
20;dark_cloud_cover;260;60;-0,0416288;0,00985076;-7,51246;5,04469e-014;***
20;falling_three;30;5;0,0007799;0,0106695;-0,190018;0,430713; 
20;falling_three;30;10;0,0313629;0,0132193;1,95633;0,0726861;*
20;falling_three;30;15;0,0119863;0,0226928;0,168487;0,43846; 
20;falling_three;30;20;-0,00718187;0,0348123;-0,517399;0,320304; 
20;falling_three;30;40;-0,0093025;0,0595456;-0,518223;0,320049; 
20;falling_three;30;60;-0,0632346;0,069708;-1,37157;0,131889; 
20;falling_three;60;5;-0,0211494;0,0186804;-1,28245;0,144899; 
20;falling_three;60;10;0,00202679;0,0217884;-0,159482;0,441711; 
20;falling_three;60;15;-0,009856;0,0408322;-0,441289;0,344436; 
20;falling_three;60;20;-0,0214478;0,0439773;-0,733965;0,258065; 
20;falling_three;60;40;-0,00863983;0,058906;-0,5126;0,321793; 
20;falling_three;60;60;-0,0620496;0,0685568;-1,37731;0,131094; 
20;falling_three;130;5;-0,0371751;0,0166253;-2,40491;0,0689984;*
20;falling_three;130;10;4,745e-005;0,0375826;-0,145126;0,448958; 
20;falling_three;130;15;-0,0428943;0,0415599;-1,22852;0,172098; 
20;falling_three;130;20;-0,0633816;0,0229493;-3,23372;0,0418933;**
20;falling_three;130;40;-0,0504758;0,0718262;-1,00285;0,210776; 
20;falling_three;130;60;-0,109534;0,0856486;-1,65687;0,119696; 
20;falling_three;260;5;-0,0410399;0,00715564;-6,12763;0,0017969;***
20;falling_three;260;10;-0,0206571;0,0214215;-1,22115;0,144542; 
20;falling_three;260;15;-0,0500933;0,0191848;-3,03658;0,0192655;**
20;falling_three;260;20;-0,0568409;0,0152455;-4,43873;0,00567253;***
20;falling_three;260;40;-0,00482645;0,0578194;-0,45628;0,335932; 
20;falling_three;260;60;-0,0299684;0,0801203;-0,778117;0,239979; 
20;evening_star;30;5;-0,00406486;0,00359051;-1,91398;0,0286229;**
20;evening_star;30;10;-0,00957432;0,00480009;-3,14077;0,000988473;***
20;evening_star;30;15;-0,0127846;0,0056399;-3,71416;0,000136757;***
20;evening_star;30;20;-0,00919653;0,00602007;-3,32663;0,00053505;***
20;evening_star;30;40;-0,02647;0,00948671;-5,06238;5,18507e-007;***
20;evening_star;30;60;-0,038355;0,0118727;-5,95733;6,8141e-009;***
20;evening_star;60;5;-0,00279728;0,00311324;-1,80023;0,0365502;**
20;evening_star;60;10;-0,00780284;0,00405788;-3,27868;0,000600127;***
20;evening_star;60;15;-0,0114661;0,0047118;-4,16591;2,17627e-005;***
20;evening_star;60;20;-0,0103987;0,0050876;-4,17264;2,11728e-005;***
20;evening_star;60;40;-0,0248939;0,00770203;-6,03078;3,12483e-009;***
20;evening_star;60;60;-0,0274526;0,00928465;-6,44367;3,2466e-010;***
20;evening_star;130;5;-0,00178204;0,00302151;-1,51888;0,0650457;*
20;evening_star;130;10;-0,00610528;0,00403763;-2,87469;0,00220134;***
20;evening_star;130;15;-0,00953249;0,00482658;-3,66623;0,000151169;***
20;evening_star;130;20;-0,0087625;0,00525978;-3,72496;0,000121459;***
20;evening_star;130;40;-0,0235597;0,00813759;-5,54403;3,84369e-008;***
20;evening_star;130;60;-0,0313536;0,00976206;-6,52815;1,92586e-010;***
20;evening_star;260;5;0,000194776;0,00297968;-0,876775;0,19069; 
20;evening_star;260;10;-0,00550378;0,0039497;-2,7864;0,00285171;***
20;evening_star;260;15;-0,00979709;0,00483001;-3,7184;0,000121645;***
20;evening_star;260;20;-0,00771257;0,00483465;-3,83535;7,78834e-005;***
20;evening_star;260;40;-0,0176224;0,00768248;-5,09963;3,18671e-007;***
20;evening_star;260;60;-0,0239219;0,00959399;-5,86789;6,37547e-009;***
50;hammer;30;5;-0,0169191;0,00156415;-12,6116;1,31814e-033;***
50;hammer;30;10;-0,027704;0,00222394;-14,9311;8,41898e-045;***
50;hammer;30;15;-0,0237477;0,00263724;-12,1;2,68186e-031;***
50;hammer;30;20;-0,0186122;0,00300777;-9,78871;1,02772e-021;***
50;hammer;30;40;-0,0075666;0,00424288;-6,86372;6,86756e-012;***
50;hammer;30;60;0,00291566;0,00528793;-5,57098;1,74705e-008;***
50;hammer;60;5;-0,0159211;0,00134517;-13,9227;1,86282e-040;***
50;hammer;60;10;-0,0260805;0,0019722;-16,0137;1,90579e-051;***
50;hammer;60;15;-0,021765;0,0023433;-12,7717;7,895e-035;***
50;hammer;60;20;-0,0158369;0,00267495;-9,96912;1,31325e-022;***
50;hammer;60;40;-0,00688661;0,00378118;-7,52198;6,36366e-014;***
50;hammer;60;60;-0,000345617;0,00474778;-6,89169;5,08603e-012;***
50;hammer;130;5;-0,0159237;0,00138156;-13,5578;1,11027e-038;***
50;hammer;130;10;-0,0251687;0,00201903;-15,1907;4,47733e-047;***
50;hammer;130;15;-0,0210263;0,00240792;-12,1222;7,8684e-032;***
50;hammer;130;20;-0,0163365;0,00277238;-9,79897;5,92119e-022;***
50;hammer;130;40;-0,0068849;0,00370488;-7,67644;2,04386e-014;***
50;hammer;130;60;0,000638052;0,00481616;-6,58959;3,66628e-011;***
50;hammer;260;5;-0,0166849;0,00131731;-14,797;2,12189e-045;***
50;hammer;260;10;-0,024417;0,00188309;-15,8881;2,37498e-051;***
50;hammer;260;15;-0,0227803;0,00224266;-13,7975;3,4404e-040;***
50;hammer;260;20;-0,0189221;0,00259122;-11,4819;4,09333e-029;***
50;hammer;260;40;-0,0101184;0,00346399;-9,14374;1,54776e-019;***
50;hammer;260;60;-0,000506899;0,00454615;-7,23282;4,58345e-013;***
50;piercing_lines;30;5;-0,0125589;0,00149722;-10,2631;1,01732e-023;***
50;piercing_lines;30;10;-0,0196034;0,00188199;-13,3397;2,11331e-037;***
50;piercing_lines;30;15;-0,0144143;0,00247348;-9,12765;2,3464e-019;***
50;piercing_lines;30;20;-0,0111573;0,0032491;-6,76722;1,19808e-011;***
50;piercing_lines;30;40;-0,00320088;0,00489053;-5,06208;2,52591e-007;***
50;piercing_lines;30;60;0,00612173;0,00587086;-4,47173;4,38757e-006;***
50;piercing_lines;60;5;-0,0134231;0,00140275;-11,5704;1,69897e-029;***
50;piercing_lines;60;10;-0,0203661;0,00179383;-14,4205;2,23273e-043;***
50;piercing_lines;60;15;-0,0158685;0,0023149;-10,3811;2,21669e-024;***
50;piercing_lines;60;20;-0,0106296;0,00295933;-7,25151;4,04274e-013;***
50;piercing_lines;60;40;-0,0032277;0,00447476;-5,53841;1,93701e-008;***
50;piercing_lines;60;60;0,00668598;0,00532723;-4,82214;8,17072e-007;***
50;piercing_lines;130;5;-0,0129813;0,00143562;-10,9978;5,15811e-027;***
50;piercing_lines;130;10;-0,0211065;0,00182618;-14,5704;2,92227e-044;***
50;piercing_lines;130;15;-0,0158703;0,00233157;-10,3077;4,16985e-024;***
50;piercing_lines;130;20;-0,00997057;0,0029548;-7,03959;1,73213e-012;***
50;piercing_lines;130;40;-0,000741361;0,00449005;-4,96582;3,986e-007;***
50;piercing_lines;130;60;0,0106661;0,00541941;-4,0057;3,30809e-005;***
50;piercing_lines;260;5;-0,0131399;0,0013662;-11,6727;4,21575e-030;***
50;piercing_lines;260;10;-0,0205452;0,00176035;-14,7964;1,05068e-045;***
50;piercing_lines;260;15;-0,0146184;0,00223138;-10,2095;9,10268e-024;***
50;piercing_lines;260;20;-0,00973295;0,00258206;-7,96377;2,02638e-015;***
50;piercing_lines;260;40;-0,00167128;0,00375422;-6,18682;4,28804e-010;***
50;piercing_lines;260;60;0,0116817;0,00460838;-4,49029;3,9219e-006;***
50;rising_three;30;5;0,0213884;0,0163632;1,13554;0,146764; 
50;rising_three;30;10;0,0227922;0,0164404;1,05171;0,16394; 
50;rising_three;30;15;0,0127121;0,0141649;0,321165;0,378731; 
50;rising_three;30;20;0,00171876;0,0134714;-0,676337;0,26027; 
50;rising_three;30;40;0,0128051;0,0223301;-0,39186;0,353409; 
50;rising_three;30;60;0,0520574;0,045949;0,428361;0,34063; 
50;rising_three;60;5;0,0267006;0,0167762;1,42424;0,0881414;*
50;rising_three;60;10;0,0195803;0,0145495;0,967638;0,174822; 
50;rising_three;60;15;0,0211972;0,0113686;1,14652;0,135398; 
50;rising_three;60;20;0,0232849;0,0145174;0,857927;0,202691; 
50;rising_three;60;40;0,0595386;0,031365;1,21101;0,12297; 
50;rising_three;60;60;0,100797;0,0357912;1,91173;0,0382995;**
50;rising_three;130;5;0,0248407;0,017742;1,24188;0,118111; 
50;rising_three;130;10;0,0144407;0,0165714;0,539427;0,299355; 
50;rising_three;130;15;0,0127205;0,0107677;0,42327;0,339508; 
50;rising_three;130;20;0,00853441;0,0196361;-0,116906;0,454361; 
50;rising_three;130;40;0,0474981;0,0392245;0,661389;0,259957; 
50;rising_three;130;60;0,0466137;0,04773;0,298326;0,385085; 
50;rising_three;260;5;0,0155675;0,0126926;1,00533;0,16817; 
50;rising_three;260;10;0,00818842;0,0158162;0,169873;0,434097; 
50;rising_three;260;15;0,0224737;0,0131646;1,08707;0,150126; 
50;rising_three;260;20;0,0158529;0,0163707;0,306822;0,382355; 
50;rising_three;260;40;0,0489345;0,0295467;0,926636;0,187; 
50;rising_three;260;60;0,0453237;0,0398181;0,325205;0,375564; 
50;morning_star;30;5;0,00166088;0,00285911;-0,400968;0,344456; 
50;morning_star;30;10;-0,00129278;0,00403316;-1,68465;0,0468807;**
50;morning_star;30;15;-0,00289991;0,00542014;-2,04104;0,0213413;**
50;morning_star;30;20;0,00101164;0,00594708;-1,65095;0,0502316;*
50;morning_star;30;40;0,000684445;0,00883644;-2,36192;0,00961565;***
50;morning_star;30;60;0,00957506;0,0110814;-2,05746;0,0205299;**
50;morning_star;60;5;0,00090064;0,00248635;-0,766845;0,221927; 
50;morning_star;60;10;-0,00010572;0,00354852;-1,5802;0,0576245;*
50;morning_star;60;15;0,000113006;0,00410653;-1,96025;0,0255052;**
50;morning_star;60;20;0,000905937;0,00473929;-2,094;0,0186034;**
50;morning_star;60;40;0,00336994;0,00712842;-2,55112;0,00564906;***
50;morning_star;60;60;0,0148764;0,0091344;-1,91563;0,0282419;**
50;morning_star;130;5;0,00401783;0,00252892;0,478678;0,316273; 
50;morning_star;130;10;0,00466718;0,00337044;-0,247587;0,402319; 
50;morning_star;130;15;0,0047639;0,00388786;-0,874244;0,191371; 
50;morning_star;130;20;0,00669635;0,00471429;-0,876832;0,190669; 
50;morning_star;130;40;0,0129235;0,00701144;-1,23111;0,109663; 
50;morning_star;130;60;0,0245467;0,00903411;-0,866479;0,193489; 
50;morning_star;260;5;0,00310253;0,00248067;0,119018;0,45267; 
50;morning_star;260;10;0,00222453;0,00329494;-0,994596;0,160361; 
50;morning_star;260;15;0,00340032;0,00390703;-1,21896;0,111901; 
50;morning_star;260;20;0,00468307;0,00462264;-1,32974;0,0922984;*
50;morning_star;260;40;0,0095442;0,00654536;-1,83507;0,0337345;**
50;morning_star;260;60;0,020979;0,00845773;-1,34737;0,0894311;*
50;dark_cloud_cover;30;5;-0,0184037;0,00120794;-17,5596;1,2761e-061;***
50;dark_cloud_cover;30;10;-0,0260753;0,00164448;-19,2018;8,98238e-072;***
50;dark_cloud_cover;30;15;-0,0285803;0,00214592;-17,1223;5,29683e-059;***
50;dark_cloud_cover;30;20;-0,0281182;0,00247717;-15,7229;6,80135e-051;***
50;dark_cloud_cover;30;40;-0,0404677;0,00359405;-17,2571;8,33536e-060;***
50;dark_cloud_cover;30;60;-0,0607106;0,0123606;-7,53082;5,09063e-014;***
50;dark_cloud_cover;60;5;-0,0183396;0,00114446;-18,4776;6,10734e-068;***
50;dark_cloud_cover;60;10;-0,0254417;0,00158348;-19,5413;8,79828e-075;***
50;dark_cloud_cover;60;15;-0,0280419;0,00204158;-17,7337;2,75698e-063;***
50;dark_cloud_cover;60;20;-0,027138;0,0023263;-16,3212;9,07229e-055;***
50;dark_cloud_cover;60;40;-0,038;0,00330102;-18,0415;3,37067e-065;***
50;dark_cloud_cover;60;60;-0,0544799;0,0112571;-7,71556;1,2191e-014;***
50;dark_cloud_cover;130;5;-0,0175465;0,00109791;-18,5387;1,16161e-068;***
50;dark_cloud_cover;130;10;-0,0244176;0,001512;-19,7879;8,1898e-077;***
50;dark_cloud_cover;130;15;-0,0264094;0,00189858;-18,2096;1,45101e-066;***
50;dark_cloud_cover;130;20;-0,0254313;0,0021955;-16,5161;3,84449e-056;***
50;dark_cloud_cover;130;40;-0,0378769;0,00316425;-18,7824;3,14735e-070;***
50;dark_cloud_cover;130;60;-0,0552617;0,0107684;-8,13828;4,59516e-016;***
50;dark_cloud_cover;260;5;-0,0176886;0,00105898;-19,3544;1,00893e-074;***
50;dark_cloud_cover;260;10;-0,0258732;0,0014462;-21,6947;6,40893e-091;***
50;dark_cloud_cover;260;15;-0,0277022;0,00183312;-19,5651;3,87494e-076;***
50;dark_cloud_cover;260;20;-0,0264768;0,00209262;-17,8277;9,66329e-065;***
50;dark_cloud_cover;260;40;-0,0387135;0,00301724;-19,9749;6,44994e-079;***
50;dark_cloud_cover;260;60;-0,055134;0,00982226;-8,90922;7,52132e-019;***
50;falling_three;30;5;0,0097719;0,0117377;0,593352;0,292435; 
50;falling_three;30;10;0,0296168;0,00950913;2,536;0,0321267;**
50;falling_three;30;15;0,00796893;0,0165415;-0,0117226;0,495604; 
50;falling_three;30;20;-0,0100399;0,0247814;-0,84216;0,223553; 
50;falling_three;30;40;-0,00049195;0,043017;-0,512526;0,317643; 
50;falling_three;30;60;-0,0348764;0,0568664;-1,18261;0,151228; 
50;falling_three;60;5;0,0090334;0,0165668;0,375819;0,366026; 
50;falling_three;60;10;0,0226647;0,00917512;1,8706;0,0790794;*
50;falling_three;60;15;0,0169344;0,0196591;0,446181;0,342852; 
50;falling_three;60;20;0,00112447;0,0312882;-0,310198;0,388356; 
50;falling_three;60;40;0,0407741;0,0171802;1,11865;0,172394; 
50;falling_three;60;60;0,0197442;0,0223779;-0,564415;0,305959; 
50;falling_three;130;5;-0,0205498;0;NA;NA;***
50;falling_three;130;10;0,0376301;0;NA;NA;***
50;falling_three;130;15;-0,0013344;0;NA;NA;***
50;falling_three;130;20;-0,0404323;0;NA;NA;***
50;falling_three;130;40;0,0213504;0;NA;NA;***
50;falling_three;130;60;-0,0238858;0;NA;NA;***
50;falling_three;260;5;-0,0102543;0,0229994;-0,567908;0,304911; 
50;falling_three;260;10;0,0177597;0,0422763;0,289951;0,39537; 
50;falling_three;260;15;0,0129457;0,0342107;0,139806;0,448836; 
50;falling_three;260;20;-0,00422203;0,0276573;-0,544233;0,312062; 
50;falling_three;260;40;0,0475487;0,0501067;0,518759;0,319883; 
50;falling_three;260;60;0,0735206;0,0609445;0,675139;0,273983; 
50;evening_star;30;5;-0,00406486;0,00359051;-1,91398;0,0286229;**
50;evening_star;30;10;-0,00957432;0,00480009;-3,14077;0,000988473;***
50;evening_star;30;15;-0,0127846;0,0056399;-3,71416;0,000136757;***
50;evening_star;30;20;-0,00919653;0,00602007;-3,32663;0,00053505;***
50;evening_star;30;40;-0,02647;0,00948671;-5,06238;5,18507e-007;***
50;evening_star;30;60;-0,038355;0,0118727;-5,95733;6,8141e-009;***
50;evening_star;60;5;-0,00279728;0,00311324;-1,80023;0,0365502;**
50;evening_star;60;10;-0,00780284;0,00405788;-3,27868;0,000600127;***
50;evening_star;60;15;-0,0114661;0,0047118;-4,16591;2,17627e-005;***
50;evening_star;60;20;-0,0103987;0,0050876;-4,17264;2,11728e-005;***
50;evening_star;60;40;-0,0248939;0,00770203;-6,03078;3,12483e-009;***
50;evening_star;60;60;-0,0274526;0,00928465;-6,44367;3,2466e-010;***
50;evening_star;130;5;-0,00178204;0,00302151;-1,51888;0,0650457;*
50;evening_star;130;10;-0,00610528;0,00403763;-2,87469;0,00220134;***
50;evening_star;130;15;-0,00953249;0,00482658;-3,66623;0,000151169;***
50;evening_star;130;20;-0,0087625;0,00525978;-3,72496;0,000121459;***
50;evening_star;130;40;-0,0235597;0,00813759;-5,54403;3,84369e-008;***
50;evening_star;130;60;-0,0313536;0,00976206;-6,52815;1,92586e-010;***
50;evening_star;260;5;0,000194776;0,00297968;-0,876775;0,19069; 
50;evening_star;260;10;-0,00550378;0,0039497;-2,7864;0,00285171;***
50;evening_star;260;15;-0,00979709;0,00483001;-3,7184;0,000121645;***
50;evening_star;260;20;-0,00771257;0,00483465;-3,83535;7,78834e-005;***
50;evening_star;260;40;-0,0176224;0,00768248;-5,09963;3,18671e-007;***
50;evening_star;260;60;-0,0239219;0,00959399;-5,86789;6,37547e-009;***
